instancia,tipo,n,m,num_clientes,modo_federado,tecnica,parametros,seed,obj_value_central,obj_value_federado,perdida,n_buckets_central,n_buckets_federado,tiempo,kendall_tau,buckets_central,buckets_federado
00004-00000001.soc,soc,3,664,2,rankings,local,b=0.0,0,0.5783132529040484,0.5783132529040484,0.0,2,2,0.0153047000057995,1.0,"[[1, 2], [3]]","[[1, 2], [3]]"
00004-00000001.soc,soc,3,664,2,rankings,local,b=0.1,0,0.5783132529040484,0.1385542168506386,0.9156626506024096,2,1,0.014454900054261,0.0,"[[1, 2], [3]]","[[1, 2, 3]]"
00004-00000001.soc,soc,3,664,2,rankings,local,b=0.2,0,0.5783132529040484,0.1385542168506386,0.9156626506024096,2,1,0.0126868999795988,0.0,"[[1, 2], [3]]","[[1, 2, 3]]"
00004-00000001.soc,soc,3,664,2,rankings,movimiento,b=0.0,0,0.5783132529040484,0.5783132529040484,0.0,2,2,0.0076325999107211,1.0,"[[1, 2], [3]]","[[1, 2], [3]]"
00004-00000001.soc,soc,3,664,2,rankings,movimiento,b=0.1,0,0.5783132529040484,0.9668674698290244,0.9156626506024096,2,1,0.0163248999742791,0.0,"[[1, 2], [3]]","[[1, 2, 3]]"
00004-00000001.soc,soc,3,664,2,rankings,movimiento,b=0.2,0,0.5783132529040484,0.9668674698290244,0.9156626506024096,2,1,0.0151033999864012,0.0,"[[1, 2], [3]]","[[1, 2, 3]]"
00004-00000001.soc,soc,3,664,2,rankings,local,b=0.0,1,0.5783132529040484,0.5783132529040484,0.0,2,2,0.0071434000274166,1.0,"[[1, 2], [3]]","[[1, 2], [3]]"
00004-00000001.soc,soc,3,664,2,rankings,local,b=0.1,1,0.5783132529040484,0.1325301204398496,0.9156626506024096,2,1,0.0097977999830618,0.0,"[[1, 2], [3]]","[[1, 2, 3]]"
00004-00000001.soc,soc,3,664,2,rankings,local,b=0.2,1,0.5783132529040484,0.1325301204398496,0.9156626506024096,2,1,0.009455700055696,0.0,"[[1, 2], [3]]","[[1, 2, 3]]"
00004-00000001.soc,soc,3,664,2,rankings,movimiento,b=0.0,1,0.5783132529040484,0.5783132529040484,0.0,2,2,0.0068911000853404,1.0,"[[1, 2], [3]]","[[1, 2], [3]]"
00004-00000001.soc,soc,3,664,2,rankings,movimiento,b=0.1,1,0.5783132529040484,0.9849397590193134,0.9156626506024096,2,1,0.0141589000122621,0.0,"[[1, 2], [3]]","[[1, 2, 3]]"
00004-00000001.soc,soc,3,664,2,rankings,movimiento,b=0.2,1,0.5783132529040484,0.9849397590193134,0.9156626506024096,2,1,0.0147249000146985,0.0,"[[1, 2], [3]]","[[1, 2, 3]]"
00004-00000001.soc,soc,3,664,2,rankings,local,b=0.0,2,0.5783132529040484,0.5783132529040484,0.0,2,2,0.0072835999308153,1.0,"[[1, 2], [3]]","[[1, 2], [3]]"
00004-00000001.soc,soc,3,664,2,rankings,local,b=0.1,2,0.5783132529040484,0.0903614457620936,0.9156626506024096,2,1,0.0091268999967724,0.0,"[[1, 2], [3]]","[[1, 2, 3]]"
00004-00000001.soc,soc,3,664,2,rankings,local,b=0.2,2,0.5783132529040484,0.0903614457620936,0.9156626506024096,2,1,0.0094095999374985,0.0,"[[1, 2], [3]]","[[1, 2, 3]]"
00004-00000001.soc,soc,3,664,2,rankings,movimiento,b=0.0,2,0.5783132529040484,0.5783132529040484,0.0,2,2,0.0067874999949708,1.0,"[[1, 2], [3]]","[[1, 2], [3]]"
00004-00000001.soc,soc,3,664,2,rankings,movimiento,b=0.1,2,0.5783132529040484,1.0120481928257854,0.0,2,2,0.0146690999390557,1.0,"[[1, 2], [3]]","[[1, 2], [3]]"
00004-00000001.soc,soc,3,664,2,rankings,movimiento,b=0.2,2,0.5783132529040484,1.0120481928257854,0.0,2,2,0.0146381000522524,1.0,"[[1, 2], [3]]","[[1, 2], [3]]"
00004-00000001.soc,soc,3,664,3,rankings,local,b=0.0,0,0.5783132529040484,0.5783132529040484,0.0,2,2,0.0093959999503567,1.0,"[[1, 2], [3]]","[[1, 2], [3]]"
00004-00000001.soc,soc,3,664,3,rankings,local,b=0.1,0,0.5783132529040484,0.1385542168506386,0.9156626506024096,2,1,0.0098294999916106,0.0,"[[1, 2], [3]]","[[1, 2, 3]]"
00004-00000001.soc,soc,3,664,3,rankings,local,b=0.2,0,0.5783132529040484,0.1385542168506386,0.9156626506024096,2,1,0.0097135000396519,0.0,"[[1, 2], [3]]","[[1, 2, 3]]"
00004-00000001.soc,soc,3,664,3,rankings,movimiento,b=0.0,0,0.5783132529040484,0.5783132529040484,0.0,2,2,0.0072953000199049,1.0,"[[1, 2], [3]]","[[1, 2], [3]]"
00004-00000001.soc,soc,3,664,3,rankings,movimiento,b=0.1,0,0.5783132529040484,0.9668674698290244,0.9156626506024096,2,1,0.0159518000436946,0.0,"[[1, 2], [3]]","[[1, 2, 3]]"
00004-00000001.soc,soc,3,664,3,rankings,movimiento,b=0.2,0,0.5783132529040484,0.9668674698290244,0.9156626506024096,2,1,0.0149457000661641,0.0,"[[1, 2], [3]]","[[1, 2, 3]]"
00004-00000001.soc,soc,3,664,3,rankings,local,b=0.0,1,0.5783132529040484,0.5783132529040484,0.0,2,2,0.0071921999333426,1.0,"[[1, 2], [3]]","[[1, 2], [3]]"
00004-00000001.soc,soc,3,664,3,rankings,local,b=0.1,1,0.5783132529040484,0.1325301204398496,0.9156626506024096,2,1,0.010189399938099,0.0,"[[1, 2], [3]]","[[1, 2, 3]]"
00004-00000001.soc,soc,3,664,3,rankings,local,b=0.2,1,0.5783132529040484,0.1325301204398496,0.9156626506024096,2,1,0.0097720000194385,0.0,"[[1, 2], [3]]","[[1, 2, 3]]"
00004-00000001.soc,soc,3,664,3,rankings,movimiento,b=0.0,1,0.5783132529040484,0.5783132529040484,0.0,2,2,0.0071621999377384,1.0,"[[1, 2], [3]]","[[1, 2], [3]]"
00004-00000001.soc,soc,3,664,3,rankings,movimiento,b=0.1,1,0.5783132529040484,0.9849397590193134,0.9156626506024096,2,1,0.0157917999895289,0.0,"[[1, 2], [3]]","[[1, 2, 3]]"
00004-00000001.soc,soc,3,664,3,rankings,movimiento,b=0.2,1,0.5783132529040484,0.9849397590193134,0.9156626506024096,2,1,0.0158923000562936,0.0,"[[1, 2], [3]]","[[1, 2, 3]]"
00004-00000001.soc,soc,3,664,3,rankings,local,b=0.0,2,0.5783132529040484,0.5783132529040484,0.0,2,2,0.00920930004213,1.0,"[[1, 2], [3]]","[[1, 2], [3]]"
00004-00000001.soc,soc,3,664,3,rankings,local,b=0.1,2,0.5783132529040484,0.0903614457620936,0.9156626506024096,2,1,0.0103605999611318,0.0,"[[1, 2], [3]]","[[1, 2, 3]]"
00004-00000001.soc,soc,3,664,3,rankings,local,b=0.2,2,0.5783132529040484,0.0903614457620936,0.9156626506024096,2,1,0.022859799908474,0.0,"[[1, 2], [3]]","[[1, 2, 3]]"
00004-00000001.soc,soc,3,664,3,rankings,movimiento,b=0.0,2,0.5783132529040484,0.5783132529040484,0.0,2,2,0.0078696999698877,1.0,"[[1, 2], [3]]","[[1, 2], [3]]"
00004-00000001.soc,soc,3,664,3,rankings,movimiento,b=0.1,2,0.5783132529040484,1.0120481928257854,0.0,2,2,0.0162040999857708,1.0,"[[1, 2], [3]]","[[1, 2], [3]]"
00004-00000001.soc,soc,3,664,3,rankings,movimiento,b=0.2,2,0.5783132529040484,1.0120481928257854,0.0,2,2,0.0164372000144794,1.0,"[[1, 2], [3]]","[[1, 2], [3]]"
00004-00000003.soc,soc,3,533,2,rankings,local,b=0.0,0,1.0018761727260426,1.0018761727260426,0.0,3,3,0.007888099993579,1.0,"[[3], [2], [1]]","[[3], [2], [1]]"
00004-00000003.soc,soc,3,533,2,rankings,local,b=0.1,0,1.0018761727260426,0.4596622889681491,0.9962476547842398,3,1,0.0098865999607369,0.0,"[[3], [2], [1]]","[[1, 2, 3]]"
00004-00000003.soc,soc,3,533,2,rankings,local,b=0.2,0,1.0018761727260426,0.4596622889681491,0.9962476547842398,3,1,0.0094498000107705,0.0,"[[3], [2], [1]]","[[1, 2, 3]]"
00004-00000003.soc,soc,3,533,2,rankings,movimiento,b=0.0,0,1.0018761727260426,1.0018761727260426,0.0,3,3,0.0073032999644055,1.0,"[[3], [2], [1]]","[[3], [2], [1]]"
00004-00000003.soc,soc,3,533,2,rankings,movimiento,b=0.1,0,1.0018761727260426,1.273921200785197,0.9962476547842398,3,1,0.0142877000616863,0.0,"[[3], [2], [1]]","[[1, 2, 3]]"
00004-00000003.soc,soc,3,533,2,rankings,movimiento,b=0.2,0,1.0018761727260426,1.273921200785197,0.9962476547842398,3,1,0.0169025000650435,0.0,"[[3], [2], [1]]","[[1, 2, 3]]"
00004-00000003.soc,soc,3,533,2,rankings,local,b=0.0,1,1.0018761727260426,1.0018761727260426,0.0,3,3,0.0083246999420225,1.0,"[[3], [2], [1]]","[[3], [2], [1]]"
00004-00000003.soc,soc,3,533,2,rankings,local,b=0.1,1,1.0018761727260426,0.3921200750309599,0.9962476547842398,3,1,0.0097254000138491,0.0,"[[3], [2], [1]]","[[1, 2, 3]]"
00004-00000003.soc,soc,3,533,2,rankings,local,b=0.2,1,1.0018761727260426,0.3921200750309599,0.9962476547842398,3,1,0.0100492000347003,0.0,"[[3], [2], [1]]","[[1, 2, 3]]"
00004-00000003.soc,soc,3,533,2,rankings,movimiento,b=0.0,1,1.0018761727260426,1.0018761727260426,0.0,3,3,0.0070894999662414,1.0,"[[3], [2], [1]]","[[3], [2], [1]]"
00004-00000003.soc,soc,3,533,2,rankings,movimiento,b=0.1,1,1.0018761727260426,1.3114446529500032,0.9962476547842398,3,1,0.0137271999847143,0.0,"[[3], [2], [1]]","[[1, 2, 3]]"
00004-00000003.soc,soc,3,533,2,rankings,movimiento,b=0.2,1,1.0018761727260426,1.3114446529500032,0.9962476547842398,3,1,0.0139737999998033,0.0,"[[3], [2], [1]]","[[1, 2, 3]]"
00004-00000003.soc,soc,3,533,2,rankings,local,b=0.0,2,1.0018761727260426,1.0018761727260426,0.0,3,3,0.0074965999228879,1.0,"[[3], [2], [1]]","[[3], [2], [1]]"
00004-00000003.soc,soc,3,533,2,rankings,local,b=0.1,2,1.0018761727260426,0.4446529081190883,0.9962476547842398,3,1,0.009381299954839,0.0,"[[3], [2], [1]]","[[1, 2, 3]]"
00004-00000003.soc,soc,3,533,2,rankings,local,b=0.2,2,1.0018761727260426,0.4446529081190883,0.9962476547842398,3,1,0.0094190000090748,0.0,"[[3], [2], [1]]","[[1, 2, 3]]"
00004-00000003.soc,soc,3,533,2,rankings,movimiento,b=0.0,2,1.0018761727260426,1.0018761727260426,0.0,3,3,0.0070965000195428,1.0,"[[3], [2], [1]]","[[3], [2], [1]]"
00004-00000003.soc,soc,3,533,2,rankings,movimiento,b=0.1,2,1.0018761727260426,1.305816135120903,0.9962476547842398,3,1,0.0142086000414565,0.0,"[[3], [2], [1]]","[[1, 2, 3]]"
00004-00000003.soc,soc,3,533,2,rankings,movimiento,b=0.2,2,1.0018761727260426,1.305816135120903,0.9962476547842398,3,1,0.0140288999537006,0.0,"[[3], [2], [1]]","[[1, 2, 3]]"
00004-00000003.soc,soc,3,533,3,rankings,local,b=0.0,0,1.0018761727260426,1.0018761727260426,0.0,3,3,0.0070513999089598,1.0,"[[3], [2], [1]]","[[3], [2], [1]]"
00004-00000003.soc,soc,3,533,3,rankings,local,b=0.1,0,1.0018761727260426,0.4596622889681491,0.9962476547842398,3,1,0.0095737000228837,0.0,"[[3], [2], [1]]","[[1, 2, 3]]"
00004-00000003.soc,soc,3,533,3,rankings,local,b=0.2,0,1.0018761727260426,0.4596622889681491,0.9962476547842398,3,1,0.0092260000528767,0.0,"[[3], [2], [1]]","[[1, 2, 3]]"
00004-00000003.soc,soc,3,533,3,rankings,movimiento,b=0.0,0,1.0018761727260426,1.0018761727260426,0.0,3,3,0.0070625999942421,1.0,"[[3], [2], [1]]","[[3], [2], [1]]"
00004-00000003.soc,soc,3,533,3,rankings,movimiento,b=0.1,0,1.0018761727260426,1.273921200785197,0.9962476547842398,3,1,0.0140445999568328,0.0,"[[3], [2], [1]]","[[1, 2, 3]]"
00004-00000003.soc,soc,3,533,3,rankings,movimiento,b=0.2,0,1.0018761727260426,1.273921200785197,0.9962476547842398,3,1,0.0141434000106528,0.0,"[[3], [2], [1]]","[[1, 2, 3]]"
00004-00000003.soc,soc,3,533,3,rankings,local,b=0.0,1,1.0018761727260426,1.0018761727260426,0.0,3,3,0.0071596000343561,1.0,"[[3], [2], [1]]","[[3], [2], [1]]"
00004-00000003.soc,soc,3,533,3,rankings,local,b=0.1,1,1.0018761727260426,0.3921200750309599,0.9962476547842398,3,1,0.0090889999410137,0.0,"[[3], [2], [1]]","[[1, 2, 3]]"
00004-00000003.soc,soc,3,533,3,rankings,local,b=0.2,1,1.0018761727260426,0.3921200750309599,0.9962476547842398,3,1,0.0090321000898256,0.0,"[[3], [2], [1]]","[[1, 2, 3]]"
00004-00000003.soc,soc,3,533,3,rankings,movimiento,b=0.0,1,1.0018761727260426,1.0018761727260426,0.0,3,3,0.0069641000591218,1.0,"[[3], [2], [1]]","[[3], [2], [1]]"
00004-00000003.soc,soc,3,533,3,rankings,movimiento,b=0.1,1,1.0018761727260426,1.3114446529500032,0.9962476547842398,3,1,0.0148202000418677,0.0,"[[3], [2], [1]]","[[1, 2, 3]]"
00004-00000003.soc,soc,3,533,3,rankings,movimiento,b=0.2,1,1.0018761727260426,1.3114446529500032,0.9962476547842398,3,1,0.0158709998941048,0.0,"[[3], [2], [1]]","[[1, 2, 3]]"
00004-00000003.soc,soc,3,533,3,rankings,local,b=0.0,2,1.0018761727260426,1.0018761727260426,0.0,3,3,0.0076156000141054,1.0,"[[3], [2], [1]]","[[3], [2], [1]]"
00004-00000003.soc,soc,3,533,3,rankings,local,b=0.1,2,1.0018761727260426,0.4446529081190883,0.9962476547842398,3,1,0.0092495999997481,0.0,"[[3], [2], [1]]","[[1, 2, 3]]"
00004-00000003.soc,soc,3,533,3,rankings,local,b=0.2,2,1.0018761727260426,0.4446529081190883,0.9962476547842398,3,1,0.0096161999972537,0.0,"[[3], [2], [1]]","[[1, 2, 3]]"
00004-00000003.soc,soc,3,533,3,rankings,movimiento,b=0.0,2,1.0018761727260426,1.0018761727260426,0.0,3,3,0.0069075000938028,1.0,"[[3], [2], [1]]","[[3], [2], [1]]"
00004-00000003.soc,soc,3,533,3,rankings,movimiento,b=0.1,2,1.0018761727260426,1.305816135120903,0.9962476547842398,3,1,0.013704799930565,0.0,"[[3], [2], [1]]","[[1, 2, 3]]"
00004-00000003.soc,soc,3,533,3,rankings,movimiento,b=0.2,2,1.0018761727260426,1.305816135120903,0.9962476547842398,3,1,0.0139311000239104,0.0,"[[3], [2], [1]]","[[1, 2, 3]]"
00004-00000005.soc,soc,3,448,2,rankings,local,b=0.0,0,1.1071428572093802,1.1071428572093802,0.0,2,2,0.006447699968703,1.0,"[[2], [1, 3]]","[[2], [1, 3]]"
00004-00000005.soc,soc,3,448,2,rankings,local,b=0.1,0,1.1071428572093802,0.3928571428737736,0.1428571428571428,2,1,0.0103598000714555,0.0,"[[2], [1, 3]]","[[1, 2, 3]]"
00004-00000005.soc,soc,3,448,2,rankings,local,b=0.2,0,1.1071428572093802,0.3928571428737736,0.1428571428571428,2,1,0.0081887999549508,0.0,"[[2], [1, 3]]","[[1, 2, 3]]"
00004-00000005.soc,soc,3,448,2,rankings,movimiento,b=0.0,0,1.1071428572093802,1.1071428572093802,0.0,2,2,0.0070047999033704,1.0,"[[2], [1, 3]]","[[2], [1, 3]]"
00004-00000005.soc,soc,3,448,2,rankings,movimiento,b=0.1,0,1.1071428572093802,0.8325892857142856,0.1428571428571428,2,1,0.0125375000061467,0.0,"[[2], [1, 3]]","[[1, 2, 3]]"
00004-00000005.soc,soc,3,448,2,rankings,movimiento,b=0.2,0,1.1071428572093802,0.8325892857142856,0.1428571428571428,2,1,0.0117302000289782,0.0,"[[2], [1, 3]]","[[1, 2, 3]]"
00004-00000005.soc,soc,3,448,2,rankings,local,b=0.0,1,1.1071428572093802,1.1071428572093802,0.0,2,2,0.0065269999904558,1.0,"[[2], [1, 3]]","[[2], [1, 3]]"
00004-00000005.soc,soc,3,448,2,rankings,local,b=0.1,1,1.1071428572093802,0.3124999999999999,0.1428571428571428,2,1,0.0074316000100225,0.0,"[[2], [1, 3]]","[[1, 2, 3]]"
00004-00000005.soc,soc,3,448,2,rankings,local,b=0.2,1,1.1071428572093802,0.3124999999999999,0.1428571428571428,2,1,0.007599200005643,0.0,"[[2], [1, 3]]","[[1, 2, 3]]"
00004-00000005.soc,soc,3,448,2,rankings,movimiento,b=0.0,1,1.1071428572093802,1.1071428572093802,0.0,2,2,0.0053858999162912,1.0,"[[2], [1, 3]]","[[2], [1, 3]]"
00004-00000005.soc,soc,3,448,2,rankings,movimiento,b=0.1,1,1.1071428572093802,0.8437499999999999,0.1428571428571428,2,1,0.0107006999896839,0.0,"[[2], [1, 3]]","[[1, 2, 3]]"
00004-00000005.soc,soc,3,448,2,rankings,movimiento,b=0.2,1,1.1071428572093802,0.8437499999999999,0.1428571428571428,2,1,0.0112790999701246,0.0,"[[2], [1, 3]]","[[1, 2, 3]]"
00004-00000005.soc,soc,3,448,2,rankings,local,b=0.0,2,1.1071428572093802,1.1071428572093802,0.0,2,2,0.0055024001048877,1.0,"[[2], [1, 3]]","[[2], [1, 3]]"
00004-00000005.soc,soc,3,448,2,rankings,local,b=0.1,2,1.1071428572093802,0.3928571428405123,0.1428571428571428,2,1,0.007299399934709,0.0,"[[2], [1, 3]]","[[1, 2, 3]]"
00004-00000005.soc,soc,3,448,2,rankings,local,b=0.2,2,1.1071428572093802,0.3928571428405123,0.1428571428571428,2,1,0.0079274999443441,0.0,"[[2], [1, 3]]","[[1, 2, 3]]"
00004-00000005.soc,soc,3,448,2,rankings,movimiento,b=0.0,2,1.1071428572093802,1.1071428572093802,0.0,2,2,0.0057918999809771,1.0,"[[2], [1, 3]]","[[2], [1, 3]]"
00004-00000005.soc,soc,3,448,2,rankings,movimiento,b=0.1,2,1.1071428572093802,0.8102678571428572,0.1428571428571428,2,1,0.0104163999203592,0.0,"[[2], [1, 3]]","[[1, 2, 3]]"
00004-00000005.soc,soc,3,448,2,rankings,movimiento,b=0.2,2,1.1071428572093802,0.8102678571428572,0.1428571428571428,2,1,0.0120717000681906,0.0,"[[2], [1, 3]]","[[1, 2, 3]]"
00004-00000005.soc,soc,3,448,3,rankings,local,b=0.0,0,1.1071428572093802,1.1071428572093802,0.0,2,2,0.0058686999836936,1.0,"[[2], [1, 3]]","[[2], [1, 3]]"
00004-00000005.soc,soc,3,448,3,rankings,local,b=0.1,0,1.1071428572093802,0.3928571428737736,0.1428571428571428,2,1,0.0267596000339835,0.0,"[[2], [1, 3]]","[[1, 2, 3]]"
00004-00000005.soc,soc,3,448,3,rankings,local,b=0.2,0,1.1071428572093802,0.3928571428737736,0.1428571428571428,2,1,0.0094521000282838,0.0,"[[2], [1, 3]]","[[1, 2, 3]]"
00004-00000005.soc,soc,3,448,3,rankings,movimiento,b=0.0,0,1.1071428572093802,1.1071428572093802,0.0,2,2,0.0072458999929949,1.0,"[[2], [1, 3]]","[[2], [1, 3]]"
00004-00000005.soc,soc,3,448,3,rankings,movimiento,b=0.1,0,1.1071428572093802,0.8325892857142856,0.1428571428571428,2,1,0.0125895000528544,0.0,"[[2], [1, 3]]","[[1, 2, 3]]"
00004-00000005.soc,soc,3,448,3,rankings,movimiento,b=0.2,0,1.1071428572093802,0.8325892857142856,0.1428571428571428,2,1,0.0119405000004917,0.0,"[[2], [1, 3]]","[[1, 2, 3]]"
00004-00000005.soc,soc,3,448,3,rankings,local,b=0.0,1,1.1071428572093802,1.1071428572093802,0.0,2,2,0.0071518999757245,1.0,"[[2], [1, 3]]","[[2], [1, 3]]"
00004-00000005.soc,soc,3,448,3,rankings,local,b=0.1,1,1.1071428572093802,0.3124999999999999,0.1428571428571428,2,1,0.0085369000444188,0.0,"[[2], [1, 3]]","[[1, 2, 3]]"
00004-00000005.soc,soc,3,448,3,rankings,local,b=0.2,1,1.1071428572093802,0.3124999999999999,0.1428571428571428,2,1,0.0090212000068277,0.0,"[[2], [1, 3]]","[[1, 2, 3]]"
00004-00000005.soc,soc,3,448,3,rankings,movimiento,b=0.0,1,1.1071428572093802,1.1071428572093802,0.0,2,2,0.0067974000703543,1.0,"[[2], [1, 3]]","[[2], [1, 3]]"
00004-00000005.soc,soc,3,448,3,rankings,movimiento,b=0.1,1,1.1071428572093802,0.8437499999999999,0.1428571428571428,2,1,0.0126279999967664,0.0,"[[2], [1, 3]]","[[1, 2, 3]]"
00004-00000005.soc,soc,3,448,3,rankings,movimiento,b=0.2,1,1.1071428572093802,0.8437499999999999,0.1428571428571428,2,1,0.0137381999520584,0.0,"[[2], [1, 3]]","[[1, 2, 3]]"
00004-00000005.soc,soc,3,448,3,rankings,local,b=0.0,2,1.1071428572093802,1.1071428572093802,0.0,2,2,0.0069514000788331,1.0,"[[2], [1, 3]]","[[2], [1, 3]]"
00004-00000005.soc,soc,3,448,3,rankings,local,b=0.1,2,1.1071428572093802,0.3928571428405123,0.1428571428571428,2,1,0.0089250999735668,0.0,"[[2], [1, 3]]","[[1, 2, 3]]"
00004-00000005.soc,soc,3,448,3,rankings,local,b=0.2,2,1.1071428572093802,0.3928571428405123,0.1428571428571428,2,1,0.0090453999582678,0.0,"[[2], [1, 3]]","[[1, 2, 3]]"
00004-00000005.soc,soc,3,448,3,rankings,movimiento,b=0.0,2,1.1071428572093802,1.1071428572093802,0.0,2,2,0.0068928999826312,1.0,"[[2], [1, 3]]","[[2], [1, 3]]"
00004-00000005.soc,soc,3,448,3,rankings,movimiento,b=0.1,2,1.1071428572093802,0.8102678571428572,0.1428571428571428,2,1,0.0124361999332904,0.0,"[[2], [1, 3]]","[[1, 2, 3]]"
00004-00000005.soc,soc,3,448,3,rankings,movimiento,b=0.2,2,1.1071428572093802,0.8102678571428572,0.1428571428571428,2,1,0.0120573999593034,0.0,"[[2], [1, 3]]","[[1, 2, 3]]"
00004-00000010.soc,soc,3,1394,2,rankings,local,b=0.0,0,1.1865136298567118,1.1865136298567118,0.0,2,2,0.0137536000693216,1.0,"[[2, 3], [1]]","[[2, 3], [1]]"
00004-00000010.soc,soc,3,1394,2,rankings,local,b=0.1,0,1.1865136298567118,0.2482065998105976,0.266857962697274,2,1,0.0175954999867826,0.0,"[[2, 3], [1]]","[[1, 2, 3]]"
00004-00000010.soc,soc,3,1394,2,rankings,local,b=0.2,0,1.1865136298567118,0.2482065998105976,0.266857962697274,2,1,0.0175185999833047,0.0,"[[2, 3], [1]]","[[1, 2, 3]]"
00004-00000010.soc,soc,3,1394,2,rankings,movimiento,b=0.0,0,1.1865136298567118,1.1865136298567118,0.0,2,2,0.012051000026986,1.0,"[[2, 3], [1]]","[[2, 3], [1]]"
00004-00000010.soc,soc,3,1394,2,rankings,movimiento,b=0.1,0,1.1865136298567118,0.969870875144933,0.266857962697274,2,1,0.0269603000488132,0.0,"[[2, 3], [1]]","[[1, 2, 3]]"
00004-00000010.soc,soc,3,1394,2,rankings,movimiento,b=0.2,0,1.1865136298567118,0.969870875144933,0.266857962697274,2,1,0.0270688999444246,0.0,"[[2, 3], [1]]","[[1, 2, 3]]"
00004-00000010.soc,soc,3,1394,2,rankings,local,b=0.0,1,1.1865136298567118,1.1865136298567118,0.0,2,2,0.0126726999878883,1.0,"[[2, 3], [1]]","[[2, 3], [1]]"
00004-00000010.soc,soc,3,1394,2,rankings,local,b=0.1,1,1.1865136298567118,0.2367288379232134,0.266857962697274,2,1,0.0167967999586835,0.0,"[[2, 3], [1]]","[[1, 2, 3]]"
00004-00000010.soc,soc,3,1394,2,rankings,local,b=0.2,1,1.1865136298567118,0.2367288379232134,0.266857962697274,2,1,0.0164935999782755,0.0,"[[2, 3], [1]]","[[1, 2, 3]]"
00004-00000010.soc,soc,3,1394,2,rankings,movimiento,b=0.0,1,1.1865136298567118,1.1865136298567118,0.0,2,2,0.0116500000003725,1.0,"[[2, 3], [1]]","[[2, 3], [1]]"
00004-00000010.soc,soc,3,1394,2,rankings,movimiento,b=0.1,1,1.1865136298567118,0.9641319942544384,0.266857962697274,2,1,0.0274477999191731,0.0,"[[2, 3], [1]]","[[1, 2, 3]]"
00004-00000010.soc,soc,3,1394,2,rankings,movimiento,b=0.2,1,1.1865136298567118,0.9641319942544384,0.266857962697274,2,1,0.0281006000004708,0.0,"[[2, 3], [1]]","[[1, 2, 3]]"
00004-00000010.soc,soc,3,1394,2,rankings,local,b=0.0,2,1.1865136298567118,1.1865136298567118,0.0,2,2,0.0262581000570207,1.0,"[[2, 3], [1]]","[[2, 3], [1]]"
00004-00000010.soc,soc,3,1394,2,rankings,local,b=0.1,2,1.1865136298567118,0.2252510760358297,0.266857962697274,2,1,0.0173518999945372,0.0,"[[2, 3], [1]]","[[1, 2, 3]]"
00004-00000010.soc,soc,3,1394,2,rankings,local,b=0.2,2,1.1865136298567118,0.2252510760358297,0.266857962697274,2,1,0.0164335999870672,0.0,"[[2, 3], [1]]","[[1, 2, 3]]"
00004-00000010.soc,soc,3,1394,2,rankings,movimiento,b=0.0,2,1.1865136298567118,1.1865136298567118,0.0,2,2,0.0122494000243023,1.0,"[[2, 3], [1]]","[[2, 3], [1]]"
00004-00000010.soc,soc,3,1394,2,rankings,movimiento,b=0.1,2,1.1865136298567118,0.9461979914599912,0.266857962697274,2,1,0.0331598999910056,0.0,"[[2, 3], [1]]","[[1, 2, 3]]"
00004-00000010.soc,soc,3,1394,2,rankings,movimiento,b=0.2,2,1.1865136298567118,0.9461979914599912,0.266857962697274,2,1,0.0314574999501928,0.0,"[[2, 3], [1]]","[[1, 2, 3]]"
00004-00000010.soc,soc,3,1394,3,rankings,local,b=0.0,0,1.1865136298567118,1.1865136298567118,0.0,2,2,0.0127139999531209,1.0,"[[2, 3], [1]]","[[2, 3], [1]]"
00004-00000010.soc,soc,3,1394,3,rankings,local,b=0.1,0,1.1865136298567118,0.2482065998105976,0.266857962697274,2,1,0.0177390999160707,0.0,"[[2, 3], [1]]","[[1, 2, 3]]"
00004-00000010.soc,soc,3,1394,3,rankings,local,b=0.2,0,1.1865136298567118,0.2482065998105976,0.266857962697274,2,1,0.0167278000153601,0.0,"[[2, 3], [1]]","[[1, 2, 3]]"
00004-00000010.soc,soc,3,1394,3,rankings,movimiento,b=0.0,0,1.1865136298567118,1.1865136298567118,0.0,2,2,0.0105466999812051,1.0,"[[2, 3], [1]]","[[2, 3], [1]]"
00004-00000010.soc,soc,3,1394,3,rankings,movimiento,b=0.1,0,1.1865136298567118,0.969870875144933,0.266857962697274,2,1,0.0254043000750243,0.0,"[[2, 3], [1]]","[[1, 2, 3]]"
00004-00000010.soc,soc,3,1394,3,rankings,movimiento,b=0.2,0,1.1865136298567118,0.969870875144933,0.266857962697274,2,1,0.0261295000091195,0.0,"[[2, 3], [1]]","[[1, 2, 3]]"
00004-00000010.soc,soc,3,1394,3,rankings,local,b=0.0,1,1.1865136298567118,1.1865136298567118,0.0,2,2,0.0100430999882519,1.0,"[[2, 3], [1]]","[[2, 3], [1]]"
00004-00000010.soc,soc,3,1394,3,rankings,local,b=0.1,1,1.1865136298567118,0.2367288379232134,0.266857962697274,2,1,0.0153121999464929,0.0,"[[2, 3], [1]]","[[1, 2, 3]]"
00004-00000010.soc,soc,3,1394,3,rankings,local,b=0.2,1,1.1865136298567118,0.2367288379232134,0.266857962697274,2,1,0.0153076000278815,0.0,"[[2, 3], [1]]","[[1, 2, 3]]"
00004-00000010.soc,soc,3,1394,3,rankings,movimiento,b=0.0,1,1.1865136298567118,1.1865136298567118,0.0,2,2,0.0105624999850988,1.0,"[[2, 3], [1]]","[[2, 3], [1]]"
00004-00000010.soc,soc,3,1394,3,rankings,movimiento,b=0.1,1,1.1865136298567118,0.9641319942544384,0.266857962697274,2,1,0.025544699979946,0.0,"[[2, 3], [1]]","[[1, 2, 3]]"
00004-00000010.soc,soc,3,1394,3,rankings,movimiento,b=0.2,1,1.1865136298567118,0.9641319942544384,0.266857962697274,2,1,0.0255441000917926,0.0,"[[2, 3], [1]]","[[1, 2, 3]]"
00004-00000010.soc,soc,3,1394,3,rankings,local,b=0.0,2,1.1865136298567118,1.1865136298567118,0.0,2,2,0.0106368999695405,1.0,"[[2, 3], [1]]","[[2, 3], [1]]"
00004-00000010.soc,soc,3,1394,3,rankings,local,b=0.1,2,1.1865136298567118,0.2252510760358297,0.266857962697274,2,1,0.0157668000319972,0.0,"[[2, 3], [1]]","[[1, 2, 3]]"
00004-00000010.soc,soc,3,1394,3,rankings,local,b=0.2,2,1.1865136298567118,0.2252510760358297,0.266857962697274,2,1,0.0298266999889165,0.0,"[[2, 3], [1]]","[[1, 2, 3]]"
00004-00000010.soc,soc,3,1394,3,rankings,movimiento,b=0.0,2,1.1865136298567118,1.1865136298567118,0.0,2,2,0.0101300000678747,1.0,"[[2, 3], [1]]","[[2, 3], [1]]"
00004-00000010.soc,soc,3,1394,3,rankings,movimiento,b=0.1,2,1.1865136298567118,0.9461979914599912,0.266857962697274,2,1,0.0273519000038504,0.0,"[[2, 3], [1]]","[[1, 2, 3]]"
00004-00000010.soc,soc,3,1394,3,rankings,movimiento,b=0.2,2,1.1865136298567118,0.9461979914599912,0.266857962697274,2,1,0.0292883000802248,0.0,"[[2, 3], [1]]","[[1, 2, 3]]"
00004-00000014.soc,soc,3,379,2,rankings,local,b=0.0,0,0.9894459103163464,0.9894459103163464,0.0,2,2,0.0065718999831005,1.0,"[[2], [1, 3]]","[[2], [1, 3]]"
00004-00000014.soc,soc,3,379,2,rankings,local,b=0.1,0,0.9894459103163464,0.2031662269129288,0.8707124010554087,2,1,0.0074760999996215,0.0,"[[2], [1, 3]]","[[1, 2, 3]]"
00004-00000014.soc,soc,3,379,2,rankings,local,b=0.2,0,0.9894459103163464,0.2031662269129288,0.8707124010554087,2,1,0.0080157999182119,0.0,"[[2], [1, 3]]","[[1, 2, 3]]"
00004-00000014.soc,soc,3,379,2,rankings,movimiento,b=0.0,0,0.9894459103163464,0.9894459103163464,0.0,2,2,0.0056977999629452,1.0,"[[2], [1, 3]]","[[2], [1, 3]]"
00004-00000014.soc,soc,3,379,2,rankings,movimiento,b=0.1,0,0.9894459103163464,1.22427440632201,0.8707124010554087,2,1,0.0116616000887006,0.0,"[[2], [1, 3]]","[[1, 2, 3]]"
00004-00000014.soc,soc,3,379,2,rankings,movimiento,b=0.2,0,0.9894459103163464,1.22427440632201,0.8707124010554087,2,1,0.011580399936065,0.0,"[[2], [1, 3]]","[[1, 2, 3]]"
00004-00000014.soc,soc,3,379,2,rankings,local,b=0.0,1,0.9894459103163464,0.9894459103163464,0.0,2,2,0.0066500999964773,1.0,"[[2], [1, 3]]","[[2], [1, 3]]"
00004-00000014.soc,soc,3,379,2,rankings,local,b=0.1,1,0.9894459103163464,0.3087071240105542,0.8707124010554087,2,1,0.0084120000246912,0.0,"[[2], [1, 3]]","[[1, 2, 3]]"
00004-00000014.soc,soc,3,379,2,rankings,local,b=0.2,1,0.9894459103163464,0.3087071240105542,0.8707124010554087,2,1,0.0074629998998716,0.0,"[[2], [1, 3]]","[[1, 2, 3]]"
00004-00000014.soc,soc,3,379,2,rankings,movimiento,b=0.0,1,0.9894459103163464,0.9894459103163464,0.0,2,2,0.007010499946773,1.0,"[[2], [1, 3]]","[[2], [1, 3]]"
00004-00000014.soc,soc,3,379,2,rankings,movimiento,b=0.1,1,0.9894459103163464,1.2559366755007513,0.8707124010554087,2,1,0.0109028998995199,0.0,"[[2], [1, 3]]","[[1, 2, 3]]"
00004-00000014.soc,soc,3,379,2,rankings,movimiento,b=0.2,1,0.9894459103163464,1.2559366755007513,0.8707124010554087,2,1,0.0113805999280884,0.0,"[[2], [1, 3]]","[[1, 2, 3]]"
00004-00000014.soc,soc,3,379,2,rankings,local,b=0.0,2,0.9894459103163464,0.9894459103163464,0.0,2,2,0.006491900072433,1.0,"[[2], [1, 3]]","[[2], [1, 3]]"
00004-00000014.soc,soc,3,379,2,rankings,local,b=0.1,2,0.9894459103163464,0.5303430079155674,0.8707124010554087,2,1,0.0074657999211922,0.0,"[[2], [1, 3]]","[[1, 2, 3]]"
00004-00000014.soc,soc,3,379,2,rankings,local,b=0.2,2,0.9894459103163464,0.5303430079155674,0.8707124010554087,2,1,0.0080473000416532,0.0,"[[2], [1, 3]]","[[1, 2, 3]]"
00004-00000014.soc,soc,3,379,2,rankings,movimiento,b=0.0,2,0.9894459103163464,0.9894459103163464,0.0,2,2,0.0059496000176295,1.0,"[[2], [1, 3]]","[[2], [1, 3]]"
00004-00000014.soc,soc,3,379,2,rankings,movimiento,b=0.1,2,0.9894459103163464,1.261213720292664,0.8707124010554087,2,1,0.011674000066705,0.0,"[[2], [1, 3]]","[[1, 2, 3]]"
00004-00000014.soc,soc,3,379,2,rankings,movimiento,b=0.2,2,0.9894459103163464,1.261213720292664,0.8707124010554087,2,1,0.0111216000514104,0.0,"[[2], [1, 3]]","[[1, 2, 3]]"
00004-00000014.soc,soc,3,379,3,rankings,local,b=0.0,0,0.9894459103163464,0.9894459103163464,0.0,2,2,0.0066309999674558,1.0,"[[2], [1, 3]]","[[2], [1, 3]]"
00004-00000014.soc,soc,3,379,3,rankings,local,b=0.1,0,0.9894459103163464,0.2031662269129288,0.8707124010554087,2,1,0.007233899901621,0.0,"[[2], [1, 3]]","[[1, 2, 3]]"
00004-00000014.soc,soc,3,379,3,rankings,local,b=0.2,0,0.9894459103163464,0.2031662269129288,0.8707124010554087,2,1,0.0080161000369116,0.0,"[[2], [1, 3]]","[[1, 2, 3]]"
00004-00000014.soc,soc,3,379,3,rankings,movimiento,b=0.0,0,0.9894459103163464,0.9894459103163464,0.0,2,2,0.0057199000148102,1.0,"[[2], [1, 3]]","[[2], [1, 3]]"
00004-00000014.soc,soc,3,379,3,rankings,movimiento,b=0.1,0,0.9894459103163464,1.22427440632201,0.8707124010554087,2,1,0.0115404999814927,0.0,"[[2], [1, 3]]","[[1, 2, 3]]"
00004-00000014.soc,soc,3,379,3,rankings,movimiento,b=0.2,0,0.9894459103163464,1.22427440632201,0.8707124010554087,2,1,0.0115173999220132,0.0,"[[2], [1, 3]]","[[1, 2, 3]]"
00004-00000014.soc,soc,3,379,3,rankings,local,b=0.0,1,0.9894459103163464,0.9894459103163464,0.0,2,2,0.0058936999412253,1.0,"[[2], [1, 3]]","[[2], [1, 3]]"
00004-00000014.soc,soc,3,379,3,rankings,local,b=0.1,1,0.9894459103163464,0.3087071240105542,0.8707124010554087,2,1,0.0079372000182047,0.0,"[[2], [1, 3]]","[[1, 2, 3]]"
00004-00000014.soc,soc,3,379,3,rankings,local,b=0.2,1,0.9894459103163464,0.3087071240105542,0.8707124010554087,2,1,0.0074308000039309,0.0,"[[2], [1, 3]]","[[1, 2, 3]]"
00004-00000014.soc,soc,3,379,3,rankings,movimiento,b=0.0,1,0.9894459103163464,0.9894459103163464,0.0,2,2,0.0060052000917494,1.0,"[[2], [1, 3]]","[[2], [1, 3]]"
00004-00000014.soc,soc,3,379,3,rankings,movimiento,b=0.1,1,0.9894459103163464,1.2559366755007513,0.8707124010554087,2,1,0.0112686000065878,0.0,"[[2], [1, 3]]","[[1, 2, 3]]"
00004-00000014.soc,soc,3,379,3,rankings,movimiento,b=0.2,1,0.9894459103163464,1.2559366755007513,0.8707124010554087,2,1,0.0117928999243304,0.0,"[[2], [1, 3]]","[[1, 2, 3]]"
00004-00000014.soc,soc,3,379,3,rankings,local,b=0.0,2,0.9894459103163464,0.9894459103163464,0.0,2,2,0.0060666999779641,1.0,"[[2], [1, 3]]","[[2], [1, 3]]"
00004-00000014.soc,soc,3,379,3,rankings,local,b=0.1,2,0.9894459103163464,0.5303430079155674,0.8707124010554087,2,1,0.0080148999113589,0.0,"[[2], [1, 3]]","[[1, 2, 3]]"
00004-00000014.soc,soc,3,379,3,rankings,local,b=0.2,2,0.9894459103163464,0.5303430079155674,0.8707124010554087,2,1,0.0072721999604254,0.0,"[[2], [1, 3]]","[[1, 2, 3]]"
00004-00000014.soc,soc,3,379,3,rankings,movimiento,b=0.0,2,0.9894459103163464,0.9894459103163464,0.0,2,2,0.0064971999963745,1.0,"[[2], [1, 3]]","[[2], [1, 3]]"
00004-00000014.soc,soc,3,379,3,rankings,movimiento,b=0.1,2,0.9894459103163464,1.261213720292664,0.8707124010554087,2,1,0.0114490999840199,0.0,"[[2], [1, 3]]","[[1, 2, 3]]"
00004-00000014.soc,soc,3,379,3,rankings,movimiento,b=0.2,2,0.9894459103163464,1.261213720292664,0.8707124010554087,2,1,0.0110410000197589,0.0,"[[2], [1, 3]]","[[1, 2, 3]]"
00004-00000015.soc,soc,3,1022,2,rankings,local,b=0.0,0,0.5440313111489035,0.5440313111489035,0.0,2,2,0.0108742999145761,1.0,"[[3], [1, 2]]","[[3], [1, 2]]"
00004-00000015.soc,soc,3,1022,2,rankings,local,b=0.1,0,0.5440313111489035,0.3835616438994056,1.0645792563600789,2,1,0.0144267999567091,0.0,"[[3], [1, 2]]","[[1, 2, 3]]"
00004-00000015.soc,soc,3,1022,2,rankings,local,b=0.2,0,0.5440313111489035,0.3835616438994056,1.0645792563600789,2,1,0.0139579999959096,0.0,"[[3], [1, 2]]","[[1, 2, 3]]"
00004-00000015.soc,soc,3,1022,2,rankings,movimiento,b=0.0,0,0.5440313111489035,0.5440313111489035,0.0,2,2,0.0096183000132441,1.0,"[[3], [1, 2]]","[[3], [1, 2]]"
00004-00000015.soc,soc,3,1022,2,rankings,movimiento,b=0.1,0,0.5440313111489035,0.9442270058863332,0.0,2,2,0.0211552999680861,1.0,"[[3], [1, 2]]","[[3], [1, 2]]"
00004-00000015.soc,soc,3,1022,2,rankings,movimiento,b=0.2,0,0.5440313111489035,0.9442270058863332,0.0,2,2,0.021227299934253,1.0,"[[3], [1, 2]]","[[3], [1, 2]]"
00004-00000015.soc,soc,3,1022,2,rankings,local,b=0.0,1,0.5440313111489035,0.5440313111489035,0.0,2,2,0.0092450999654829,1.0,"[[3], [1, 2]]","[[3], [1, 2]]"
00004-00000015.soc,soc,3,1022,2,rankings,local,b=0.1,1,0.5440313111489035,0.3953033266992284,1.0645792563600789,2,1,0.0270776000106707,0.0,"[[3], [1, 2]]","[[1, 2, 3]]"
00004-00000015.soc,soc,3,1022,2,rankings,local,b=0.2,1,0.5440313111489035,0.3953033266992284,1.0645792563600789,2,1,0.0131756999762728,0.0,"[[3], [1, 2]]","[[1, 2, 3]]"
00004-00000015.soc,soc,3,1022,2,rankings,movimiento,b=0.0,1,0.5440313111489035,0.5440313111489035,0.0,2,2,0.0096715000690892,1.0,"[[3], [1, 2]]","[[3], [1, 2]]"
00004-00000015.soc,soc,3,1022,2,rankings,movimiento,b=0.1,1,0.5440313111489035,1.0166340508371128,1.0645792563600789,2,1,0.0212227000156417,0.0,"[[3], [1, 2]]","[[1, 2, 3]]"
00004-00000015.soc,soc,3,1022,2,rankings,movimiento,b=0.2,1,0.5440313111489035,1.0166340508371128,1.0645792563600789,2,1,0.0217134000267833,0.0,"[[3], [1, 2]]","[[1, 2, 3]]"
00004-00000015.soc,soc,3,1022,2,rankings,local,b=0.0,2,0.5440313111489035,0.5440313111489035,0.0,2,2,0.0092987000243738,1.0,"[[3], [1, 2]]","[[3], [1, 2]]"
00004-00000015.soc,soc,3,1022,2,rankings,local,b=0.1,2,0.5440313111489035,0.4227005870898446,1.0645792563600789,2,1,0.0204760000342503,0.0,"[[3], [1, 2]]","[[1, 2, 3]]"
00004-00000015.soc,soc,3,1022,2,rankings,local,b=0.2,2,0.5440313111489035,0.4227005870898446,1.0645792563600789,2,1,0.0148335000267252,0.0,"[[3], [1, 2]]","[[1, 2, 3]]"
00004-00000015.soc,soc,3,1022,2,rankings,movimiento,b=0.0,2,0.5440313111489035,0.5440313111489035,0.0,2,2,0.0078707999782636,1.0,"[[3], [1, 2]]","[[3], [1, 2]]"
00004-00000015.soc,soc,3,1022,2,rankings,movimiento,b=0.1,2,0.5440313111489035,1.035225048910238,0.0,2,2,0.0198719999752938,1.0,"[[3], [1, 2]]","[[3], [1, 2]]"
00004-00000015.soc,soc,3,1022,2,rankings,movimiento,b=0.2,2,0.5440313111489035,1.035225048910238,0.0,2,2,0.0197430999251082,1.0,"[[3], [1, 2]]","[[3], [1, 2]]"
00004-00000015.soc,soc,3,1022,3,rankings,local,b=0.0,0,0.5440313111489035,0.5440313111489035,0.0,2,2,0.0079486999893561,1.0,"[[3], [1, 2]]","[[3], [1, 2]]"
00004-00000015.soc,soc,3,1022,3,rankings,local,b=0.1,0,0.5440313111489035,0.3835616438994056,1.0645792563600789,2,1,0.0116563999326899,0.0,"[[3], [1, 2]]","[[1, 2, 3]]"
00004-00000015.soc,soc,3,1022,3,rankings,local,b=0.2,0,0.5440313111489035,0.3835616438994056,1.0645792563600789,2,1,0.0118005000986158,0.0,"[[3], [1, 2]]","[[1, 2, 3]]"
00004-00000015.soc,soc,3,1022,3,rankings,movimiento,b=0.0,0,0.5440313111489035,0.5440313111489035,0.0,2,2,0.0079170999815687,1.0,"[[3], [1, 2]]","[[3], [1, 2]]"
00004-00000015.soc,soc,3,1022,3,rankings,movimiento,b=0.1,0,0.5440313111489035,0.9442270058863332,0.0,2,2,0.0189988000784069,1.0,"[[3], [1, 2]]","[[3], [1, 2]]"
00004-00000015.soc,soc,3,1022,3,rankings,movimiento,b=0.2,0,0.5440313111489035,0.9442270058863332,0.0,2,2,0.0195411999011412,1.0,"[[3], [1, 2]]","[[3], [1, 2]]"
00004-00000015.soc,soc,3,1022,3,rankings,local,b=0.0,1,0.5440313111489035,0.5440313111489035,0.0,2,2,0.0086108000250533,1.0,"[[3], [1, 2]]","[[3], [1, 2]]"
00004-00000015.soc,soc,3,1022,3,rankings,local,b=0.1,1,0.5440313111489035,0.3953033266992284,1.0645792563600789,2,1,0.0117761000292375,0.0,"[[3], [1, 2]]","[[1, 2, 3]]"
00004-00000015.soc,soc,3,1022,3,rankings,local,b=0.2,1,0.5440313111489035,0.3953033266992284,1.0645792563600789,2,1,0.011572299990803,0.0,"[[3], [1, 2]]","[[1, 2, 3]]"
00004-00000015.soc,soc,3,1022,3,rankings,movimiento,b=0.0,1,0.5440313111489035,0.5440313111489035,0.0,2,2,0.0078459000214934,1.0,"[[3], [1, 2]]","[[3], [1, 2]]"
00004-00000015.soc,soc,3,1022,3,rankings,movimiento,b=0.1,1,0.5440313111489035,1.0166340508371128,1.0645792563600789,2,1,0.0196583000943064,0.0,"[[3], [1, 2]]","[[1, 2, 3]]"
00004-00000015.soc,soc,3,1022,3,rankings,movimiento,b=0.2,1,0.5440313111489035,1.0166340508371128,1.0645792563600789,2,1,0.0196224000537768,0.0,"[[3], [1, 2]]","[[1, 2, 3]]"
00004-00000015.soc,soc,3,1022,3,rankings,local,b=0.0,2,0.5440313111489035,0.5440313111489035,0.0,2,2,0.0079126000637188,1.0,"[[3], [1, 2]]","[[3], [1, 2]]"
00004-00000015.soc,soc,3,1022,3,rankings,local,b=0.1,2,0.5440313111489035,0.4227005870898446,1.0645792563600789,2,1,0.0116549999220296,0.0,"[[3], [1, 2]]","[[1, 2, 3]]"
00004-00000015.soc,soc,3,1022,3,rankings,local,b=0.2,2,0.5440313111489035,0.4227005870898446,1.0645792563600789,2,1,0.0119289000285789,0.0,"[[3], [1, 2]]","[[1, 2, 3]]"
00004-00000015.soc,soc,3,1022,3,rankings,movimiento,b=0.0,2,0.5440313111489035,0.5440313111489035,0.0,2,2,0.0079178999876603,1.0,"[[3], [1, 2]]","[[3], [1, 2]]"
00004-00000015.soc,soc,3,1022,3,rankings,movimiento,b=0.1,2,0.5440313111489035,1.035225048910238,0.0,2,2,0.0195672999834641,1.0,"[[3], [1, 2]]","[[3], [1, 2]]"
00004-00000015.soc,soc,3,1022,3,rankings,movimiento,b=0.2,2,0.5440313111489035,1.035225048910238,0.0,2,2,0.0335747000062838,1.0,"[[3], [1, 2]]","[[3], [1, 2]]"
