instancia,tipo,n,m,metodo,tecnica,parametros,seed,obj_value,obj_value_ruido,n_buckets,n_buckets_ruido,tiempo,kendall_tau,perdida,buckets_original,buckets_ruido
00004-00000001.soc,soc,3,664,rankings,empate,b=0.1,0,0.5783132529040484,0.6867469879742489,2,1,0.018498999997973442,0.0,0.9156626506024095,"[[1, 2], [3]]","[[1, 2, 3]]"
00004-00000001.soc,soc,3,664,rankings,empate,b=0.2,0,0.5783132529040484,0.6867469879742489,2,1,0.017910599999595433,0.0,0.9156626506024095,"[[1, 2], [3]]","[[1, 2, 3]]"
00004-00000001.soc,soc,3,664,rankings,empate,b=0.3,0,0.5783132529040484,0.6867469879742489,2,1,0.018258899974171072,0.0,0.9156626506024095,"[[1, 2], [3]]","[[1, 2, 3]]"
00004-00000001.soc,soc,3,664,rankings,intercambio,b=0.1,0,0.5783132529040484,0.13855421681276892,2,1,0.015740100003313273,0.0,0.9156626506024095,"[[1, 2], [3]]","[[1, 2, 3]]"
00004-00000001.soc,soc,3,664,rankings,intercambio,b=0.2,0,0.5783132529040484,0.13855421681276892,2,1,0.013930300017818809,0.0,0.9156626506024095,"[[1, 2], [3]]","[[1, 2, 3]]"
00004-00000001.soc,soc,3,664,rankings,intercambio,b=0.3,0,0.5783132529040484,0.13855421681276892,2,1,0.013762300019152462,0.0,0.9156626506024095,"[[1, 2], [3]]","[[1, 2, 3]]"
00004-00000001.soc,soc,3,664,rankings,local,b=0.1,0,0.5783132529040484,0.060240963830175076,2,1,0.00838740001199767,0.0,0.9156626506024095,"[[1, 2], [3]]","[[1, 2, 3]]"
00004-00000001.soc,soc,3,664,rankings,local,b=0.2,0,0.5783132529040484,0.060240963830175076,2,1,0.008370199997443706,0.0,0.9156626506024095,"[[1, 2], [3]]","[[1, 2, 3]]"
00004-00000001.soc,soc,3,664,rankings,local,b=0.3,0,0.5783132529040484,0.060240963830175076,2,1,0.008316699997521937,0.0,0.9156626506024095,"[[1, 2], [3]]","[[1, 2, 3]]"
00004-00000001.soc,soc,3,664,rankings,movimiento,b=0.1,0,0.5783132529040484,0.9638554216867472,2,1,0.016941900015808642,0.0,0.9156626506024095,"[[1, 2], [3]]","[[1, 2, 3]]"
00004-00000001.soc,soc,3,664,rankings,movimiento,b=0.2,0,0.5783132529040484,0.9638554216867472,2,1,0.017763699986971915,0.0,0.9156626506024095,"[[1, 2], [3]]","[[1, 2, 3]]"
00004-00000001.soc,soc,3,664,rankings,movimiento,b=0.3,0,0.5783132529040484,0.9638554216867472,2,1,0.018930900027044117,0.0,0.9156626506024095,"[[1, 2], [3]]","[[1, 2, 3]]"
00004-00000001.soc,soc,3,664,rankings,empate,b=0.1,1,0.5783132529040484,0.813253012091673,2,1,0.01794099999824539,0.0,0.9156626506024095,"[[1, 2], [3]]","[[1, 2, 3]]"
00004-00000001.soc,soc,3,664,rankings,empate,b=0.2,1,0.5783132529040484,0.813253012091673,2,1,0.017710299987811595,0.0,0.9156626506024095,"[[1, 2], [3]]","[[1, 2, 3]]"
00004-00000001.soc,soc,3,664,rankings,empate,b=0.3,1,0.5783132529040484,0.813253012091673,2,1,0.01779999997233972,0.0,0.9156626506024095,"[[1, 2], [3]]","[[1, 2, 3]]"
00004-00000001.soc,soc,3,664,rankings,intercambio,b=0.1,1,0.5783132529040484,0.12048192771084354,2,1,0.014933500031474978,0.0,0.9156626506024095,"[[1, 2], [3]]","[[1, 2, 3]]"
00004-00000001.soc,soc,3,664,rankings,intercambio,b=0.2,1,0.5783132529040484,0.12048192771084354,2,1,0.01698650000616908,0.0,0.9156626506024095,"[[1, 2], [3]]","[[1, 2, 3]]"
00004-00000001.soc,soc,3,664,rankings,intercambio,b=0.3,1,0.5783132529040484,0.12048192771084354,2,1,0.015677399991545826,0.0,0.9156626506024095,"[[1, 2], [3]]","[[1, 2, 3]]"
00004-00000001.soc,soc,3,664,rankings,local,b=0.1,1,0.5783132529040484,0.15060240963013882,2,1,0.00947200000518933,0.0,0.9156626506024095,"[[1, 2], [3]]","[[1, 2, 3]]"
00004-00000001.soc,soc,3,664,rankings,local,b=0.2,1,0.5783132529040484,0.15060240963013882,2,1,0.009508200048003346,0.0,0.9156626506024095,"[[1, 2], [3]]","[[1, 2, 3]]"
00004-00000001.soc,soc,3,664,rankings,local,b=0.3,1,0.5783132529040484,0.15060240963013882,2,1,0.010280699993018061,0.0,0.9156626506024095,"[[1, 2], [3]]","[[1, 2, 3]]"
00004-00000001.soc,soc,3,664,rankings,movimiento,b=0.1,1,0.5783132529040484,0.9352409638259673,2,1,0.01568869996117428,0.0,0.9156626506024095,"[[1, 2], [3]]","[[1, 2, 3]]"
00004-00000001.soc,soc,3,664,rankings,movimiento,b=0.2,1,0.5783132529040484,0.9352409638259673,2,1,0.014972699980717152,0.0,0.9156626506024095,"[[1, 2], [3]]","[[1, 2, 3]]"
00004-00000001.soc,soc,3,664,rankings,movimiento,b=0.3,1,0.5783132529040484,0.9352409638259673,2,1,0.014444800035562366,0.0,0.9156626506024095,"[[1, 2], [3]]","[[1, 2, 3]]"
00004-00000001.soc,soc,3,664,rankings,empate,b=0.1,2,0.5783132529040484,0.8584337348892657,2,1,0.01900439994642511,0.0,0.9156626506024095,"[[1, 2], [3]]","[[1, 2, 3]]"
00004-00000001.soc,soc,3,664,rankings,empate,b=0.2,2,0.5783132529040484,0.8584337348892657,2,1,0.018187499954365194,0.0,0.9156626506024095,"[[1, 2], [3]]","[[1, 2, 3]]"
00004-00000001.soc,soc,3,664,rankings,empate,b=0.3,2,0.5783132529040484,0.8584337348892657,2,1,0.018207699991762638,0.0,0.9156626506024095,"[[1, 2], [3]]","[[1, 2, 3]]"
00004-00000001.soc,soc,3,664,rankings,intercambio,b=0.1,2,0.5783132529040484,0.06024096383859079,2,1,0.01534199999878183,0.0,0.9156626506024095,"[[1, 2], [3]]","[[1, 2, 3]]"
00004-00000001.soc,soc,3,664,rankings,intercambio,b=0.2,2,0.5783132529040484,0.06024096383859079,2,1,0.014962199958972633,0.0,0.9156626506024095,"[[1, 2], [3]]","[[1, 2, 3]]"
00004-00000001.soc,soc,3,664,rankings,intercambio,b=0.3,2,0.5783132529040484,0.06024096383859079,2,1,0.01491840003291145,0.0,0.9156626506024095,"[[1, 2], [3]]","[[1, 2, 3]]"
00004-00000001.soc,soc,3,664,rankings,local,b=0.1,2,0.5783132529040484,0.12048192770242783,2,1,0.009260300023015589,0.0,0.9156626506024095,"[[1, 2], [3]]","[[1, 2, 3]]"
00004-00000001.soc,soc,3,664,rankings,local,b=0.2,2,0.5783132529040484,0.12048192770242783,2,1,0.009271499991882592,0.0,0.9156626506024095,"[[1, 2], [3]]","[[1, 2, 3]]"
00004-00000001.soc,soc,3,664,rankings,local,b=0.3,2,0.5783132529040484,0.12048192770242783,2,1,0.009510700008831918,0.0,0.9156626506024095,"[[1, 2], [3]]","[[1, 2, 3]]"
00004-00000001.soc,soc,3,664,rankings,movimiento,b=0.1,2,0.5783132529040484,0.9894578313561584,2,1,0.018530700006522238,0.0,0.9156626506024095,"[[1, 2], [3]]","[[1, 2, 3]]"
00004-00000001.soc,soc,3,664,rankings,movimiento,b=0.2,2,0.5783132529040484,0.9894578313561584,2,1,0.021508799982257187,0.0,0.9156626506024095,"[[1, 2], [3]]","[[1, 2, 3]]"
00004-00000001.soc,soc,3,664,rankings,movimiento,b=0.3,2,0.5783132529040484,0.9894578313561584,2,1,0.01947709999512881,0.0,0.9156626506024095,"[[1, 2], [3]]","[[1, 2, 3]]"
00004-00000002.soc,soc,3,1591,rankings,empate,b=0.1,0,0.6643620364034737,0.31175361416765934,1,1,0.039422000001650304,1.0,0.0,"[[1, 2, 3]]","[[1, 2, 3]]"
00004-00000002.soc,soc,3,1591,rankings,empate,b=0.2,0,0.6643620364034737,0.31175361416765934,1,1,0.04045219998806715,1.0,0.0,"[[1, 2, 3]]","[[1, 2, 3]]"
00004-00000002.soc,soc,3,1591,rankings,empate,b=0.3,0,0.6643620364034737,0.31175361416765934,1,1,0.037526900006923825,1.0,0.0,"[[1, 2, 3]]","[[1, 2, 3]]"
00004-00000002.soc,soc,3,1591,rankings,intercambio,b=0.1,0,0.6643620364034737,0.1803896920617214,1,1,0.031032799975946546,1.0,0.0,"[[1, 2, 3]]","[[1, 2, 3]]"
00004-00000002.soc,soc,3,1591,rankings,intercambio,b=0.2,0,0.6643620364034737,0.1803896920617214,1,1,0.03098039998440072,1.0,0.0,"[[1, 2, 3]]","[[1, 2, 3]]"
00004-00000002.soc,soc,3,1591,rankings,intercambio,b=0.3,0,0.6643620364034737,0.1803896920617214,1,1,0.03130830003647134,1.0,0.0,"[[1, 2, 3]]","[[1, 2, 3]]"
00004-00000002.soc,soc,3,1591,rankings,local,b=0.1,0,0.6643620364034737,0.20175989941456196,1,1,0.016048500023316592,1.0,0.0,"[[1, 2, 3]]","[[1, 2, 3]]"
00004-00000002.soc,soc,3,1591,rankings,local,b=0.2,0,0.6643620364034737,0.20175989941456196,1,1,0.016096499981358647,1.0,0.0,"[[1, 2, 3]]","[[1, 2, 3]]"
00004-00000002.soc,soc,3,1591,rankings,local,b=0.3,0,0.6643620364034737,0.20175989941456196,1,1,0.015378599986433983,1.0,0.0,"[[1, 2, 3]]","[[1, 2, 3]]"
00004-00000002.soc,soc,3,1591,rankings,movimiento,b=0.1,0,0.6643620364034737,0.4525455688579316,1,1,0.02668070001527667,1.0,0.0,"[[1, 2, 3]]","[[1, 2, 3]]"
00004-00000002.soc,soc,3,1591,rankings,movimiento,b=0.2,0,0.6643620364034737,0.4525455688579316,1,1,0.02687030000379309,1.0,0.0,"[[1, 2, 3]]","[[1, 2, 3]]"
00004-00000002.soc,soc,3,1591,rankings,movimiento,b=0.3,0,0.6643620364034737,0.4525455688579316,1,1,0.027499600022565573,1.0,0.0,"[[1, 2, 3]]","[[1, 2, 3]]"
00004-00000002.soc,soc,3,1591,rankings,empate,b=0.1,1,0.6643620364034737,0.3670647391951529,1,1,0.03650690003996715,1.0,0.0,"[[1, 2, 3]]","[[1, 2, 3]]"
00004-00000002.soc,soc,3,1591,rankings,empate,b=0.2,1,0.6643620364034737,0.3670647391951529,1,1,0.03610239998670295,1.0,0.0,"[[1, 2, 3]]","[[1, 2, 3]]"
00004-00000002.soc,soc,3,1591,rankings,empate,b=0.3,1,0.6643620364034737,0.3670647391951529,1,1,0.03547680005431175,1.0,0.0,"[[1, 2, 3]]","[[1, 2, 3]]"
00004-00000002.soc,soc,3,1591,rankings,intercambio,b=0.1,1,0.6643620364034737,0.18038969195950094,1,1,0.028902799997013062,1.0,0.0,"[[1, 2, 3]]","[[1, 2, 3]]"
00004-00000002.soc,soc,3,1591,rankings,intercambio,b=0.2,1,0.6643620364034737,0.18038969195950094,1,1,0.04342320002615452,1.0,0.0,"[[1, 2, 3]]","[[1, 2, 3]]"
00004-00000002.soc,soc,3,1591,rankings,intercambio,b=0.3,1,0.6643620364034737,0.18038969195950094,1,1,0.07529820001218468,1.0,0.0,"[[1, 2, 3]]","[[1, 2, 3]]"
00004-00000002.soc,soc,3,1591,rankings,local,b=0.1,1,0.6643620364034737,0.1803896920106478,1,1,0.023508100013714284,1.0,0.0,"[[1, 2, 3]]","[[1, 2, 3]]"
00004-00000002.soc,soc,3,1591,rankings,local,b=0.2,1,0.6643620364034737,0.1803896920106478,1,1,0.018092299986165017,1.0,0.0,"[[1, 2, 3]]","[[1, 2, 3]]"
00004-00000002.soc,soc,3,1591,rankings,local,b=0.3,1,0.6643620364034737,0.1803896920106478,1,1,0.017938700038939714,1.0,0.0,"[[1, 2, 3]]","[[1, 2, 3]]"
00004-00000002.soc,soc,3,1591,rankings,movimiento,b=0.1,1,0.6643620364034737,0.4204902576646572,1,1,0.030436899978667498,1.0,0.0,"[[1, 2, 3]]","[[1, 2, 3]]"
00004-00000002.soc,soc,3,1591,rankings,movimiento,b=0.2,1,0.6643620364034737,0.4204902576646572,1,1,0.03014490002533421,1.0,0.0,"[[1, 2, 3]]","[[1, 2, 3]]"
00004-00000002.soc,soc,3,1591,rankings,movimiento,b=0.3,1,0.6643620364034737,0.4204902576646572,1,1,0.027799799980130047,1.0,0.0,"[[1, 2, 3]]","[[1, 2, 3]]"
00004-00000002.soc,soc,3,1591,rankings,empate,b=0.1,2,0.6643620364034737,0.37963544930828097,1,1,0.03952799999387935,1.0,0.0,"[[1, 2, 3]]","[[1, 2, 3]]"
00004-00000002.soc,soc,3,1591,rankings,empate,b=0.2,2,0.6643620364034737,0.37963544930828097,1,1,0.0384044999955222,1.0,0.0,"[[1, 2, 3]]","[[1, 2, 3]]"
00004-00000002.soc,soc,3,1591,rankings,empate,b=0.3,2,0.6643620364034737,0.37963544930828097,1,1,0.03836300002876669,1.0,0.0,"[[1, 2, 3]]","[[1, 2, 3]]"
00004-00000002.soc,soc,3,1591,rankings,intercambio,b=0.1,2,0.6643620364034737,0.18038969206735556,1,1,0.03096110001206398,1.0,0.0,"[[1, 2, 3]]","[[1, 2, 3]]"
00004-00000002.soc,soc,3,1591,rankings,intercambio,b=0.2,2,0.6643620364034737,0.18038969206735556,1,1,0.030538099992554635,1.0,0.0,"[[1, 2, 3]]","[[1, 2, 3]]"
00004-00000002.soc,soc,3,1591,rankings,intercambio,b=0.3,2,0.6643620364034737,0.18038969206735556,1,1,0.028582099999766797,1.0,0.0,"[[1, 2, 3]]","[[1, 2, 3]]"
00004-00000002.soc,soc,3,1591,rankings,local,b=0.1,2,0.6643620364034737,0.2671275927064274,1,1,0.016043600044213235,1.0,0.0,"[[1, 2, 3]]","[[1, 2, 3]]"
00004-00000002.soc,soc,3,1591,rankings,local,b=0.2,2,0.6643620364034737,0.2671275927064274,1,1,0.015714700042735785,1.0,0.0,"[[1, 2, 3]]","[[1, 2, 3]]"
00004-00000002.soc,soc,3,1591,rankings,local,b=0.3,2,0.6643620364034737,0.2671275927064274,1,1,0.016735199955292046,1.0,0.0,"[[1, 2, 3]]","[[1, 2, 3]]"
00004-00000002.soc,soc,3,1591,rankings,movimiento,b=0.1,2,0.6643620364034737,0.47077309867363626,1,1,0.04413440002826974,1.0,0.0,"[[1, 2, 3]]","[[1, 2, 3]]"
00004-00000002.soc,soc,3,1591,rankings,movimiento,b=0.2,2,0.6643620364034737,0.47077309867363626,1,1,0.029139799997210503,1.0,0.0,"[[1, 2, 3]]","[[1, 2, 3]]"
00004-00000002.soc,soc,3,1591,rankings,movimiento,b=0.3,2,0.6643620364034737,0.47077309867363626,1,1,0.0290526999742724,1.0,0.0,"[[1, 2, 3]]","[[1, 2, 3]]"
00004-00000003.soc,soc,3,533,rankings,empate,b=0.1,0,1.0018761727260426,1.00938086300489,3,1,0.016707300033885986,0.0,-3.0,"[[1], [2], [3]]","[[1, 2, 3]]"
00004-00000003.soc,soc,3,533,rankings,empate,b=0.2,0,1.0018761727260426,1.00938086300489,3,1,0.01736279996111989,0.0,-3.0,"[[1], [2], [3]]","[[1, 2, 3]]"
00004-00000003.soc,soc,3,533,rankings,empate,b=0.3,0,1.0018761727260426,1.00938086300489,3,1,0.016329900012351573,0.0,-3.0,"[[1], [2], [3]]","[[1, 2, 3]]"
00004-00000003.soc,soc,3,533,rankings,intercambio,b=0.1,0,1.0018761727260426,0.29831144463761894,3,1,0.01372699998319149,0.0,-3.0,"[[1], [2], [3]]","[[1, 2, 3]]"
00004-00000003.soc,soc,3,533,rankings,intercambio,b=0.2,0,1.0018761727260426,0.29831144463761894,3,1,0.014060700021218508,0.0,-3.0,"[[1], [2], [3]]","[[1, 2, 3]]"
00004-00000003.soc,soc,3,533,rankings,intercambio,b=0.3,0,1.0018761727260426,0.29831144463761894,3,1,0.011973099957685918,0.0,-3.0,"[[1], [2], [3]]","[[1, 2, 3]]"
00004-00000003.soc,soc,3,533,rankings,local,b=0.1,0,1.0018761727260426,0.6172607879997027,3,1,0.009251700015738606,0.0,-3.0,"[[1], [2], [3]]","[[1, 2, 3]]"
00004-00000003.soc,soc,3,533,rankings,local,b=0.2,0,1.0018761727260426,0.6172607879997027,3,1,0.00913099996978417,0.0,-3.0,"[[1], [2], [3]]","[[1, 2, 3]]"
00004-00000003.soc,soc,3,533,rankings,local,b=0.3,0,1.0018761727260426,0.6172607879997027,3,1,0.008645699999760836,0.0,-3.0,"[[1], [2], [3]]","[[1, 2, 3]]"
00004-00000003.soc,soc,3,533,rankings,movimiento,b=0.1,0,1.0018761727260426,1.2120075047304015,3,1,0.013383000041358173,0.0,-3.0,"[[1], [2], [3]]","[[1, 2, 3]]"
00004-00000003.soc,soc,3,533,rankings,movimiento,b=0.2,0,1.0018761727260426,1.2120075047304015,3,1,0.013419700029771775,0.0,-3.0,"[[1], [2], [3]]","[[1, 2, 3]]"
00004-00000003.soc,soc,3,533,rankings,movimiento,b=0.3,0,1.0018761727260426,1.2120075047304015,3,1,0.013964999991003424,0.0,-3.0,"[[1], [2], [3]]","[[1, 2, 3]]"
00004-00000003.soc,soc,3,533,rankings,empate,b=0.1,1,1.0018761727260426,0.990619136961911,3,1,0.016253700014203787,0.0,-3.0,"[[1], [2], [3]]","[[1, 2, 3]]"
00004-00000003.soc,soc,3,533,rankings,empate,b=0.2,1,1.0018761727260426,0.990619136961911,3,1,0.017733899992890656,0.0,-3.0,"[[1], [2], [3]]","[[1, 2, 3]]"
00004-00000003.soc,soc,3,533,rankings,empate,b=0.3,1,1.0018761727260426,0.990619136961911,3,1,0.016202600032556802,0.0,-3.0,"[[1], [2], [3]]","[[1, 2, 3]]"
00004-00000003.soc,soc,3,533,rankings,intercambio,b=0.1,1,1.0018761727260426,0.298311444686544,3,1,0.013524999958463013,0.0,-3.0,"[[1], [2], [3]]","[[1, 2, 3]]"
00004-00000003.soc,soc,3,533,rankings,intercambio,b=0.2,1,1.0018761727260426,0.298311444686544,3,1,0.011967199970968068,0.0,-3.0,"[[1], [2], [3]]","[[1, 2, 3]]"
00004-00000003.soc,soc,3,533,rankings,intercambio,b=0.3,1,1.0018761727260426,0.298311444686544,3,1,0.012217500014230609,0.0,-3.0,"[[1], [2], [3]]","[[1, 2, 3]]"
00004-00000003.soc,soc,3,533,rankings,local,b=0.1,1,1.0018761727260426,0.47467166981721,3,1,0.008176000032108277,0.0,-3.0,"[[1], [2], [3]]","[[1, 2, 3]]"
00004-00000003.soc,soc,3,533,rankings,local,b=0.2,1,1.0018761727260426,0.47467166981721,3,1,0.007941599993500859,0.0,-3.0,"[[1], [2], [3]]","[[1, 2, 3]]"
00004-00000003.soc,soc,3,533,rankings,local,b=0.3,1,1.0018761727260426,0.47467166981721,3,1,0.007855400035623461,0.0,-3.0,"[[1], [2], [3]]","[[1, 2, 3]]"
00004-00000003.soc,soc,3,533,rankings,movimiento,b=0.1,1,1.0018761727260426,1.3302063789761644,3,1,0.011872299946844578,0.0,-3.0,"[[1], [2], [3]]","[[1, 2, 3]]"
00004-00000003.soc,soc,3,533,rankings,movimiento,b=0.2,1,1.0018761727260426,1.3302063789761644,3,1,0.011900799989234656,0.0,-3.0,"[[1], [2], [3]]","[[1, 2, 3]]"
00004-00000003.soc,soc,3,533,rankings,movimiento,b=0.3,1,1.0018761727260426,1.3302063789761644,3,1,0.011896599957253784,0.0,-3.0,"[[1], [2], [3]]","[[1, 2, 3]]"
00004-00000003.soc,soc,3,533,rankings,empate,b=0.1,2,1.0018761727260426,0.9793621013513252,3,1,0.014070700039155781,0.0,-3.0,"[[1], [2], [3]]","[[1, 2, 3]]"
00004-00000003.soc,soc,3,533,rankings,empate,b=0.2,2,1.0018761727260426,0.9793621013513252,3,1,0.014206100022420287,0.0,-3.0,"[[1], [2], [3]]","[[1, 2, 3]]"
00004-00000003.soc,soc,3,533,rankings,empate,b=0.3,2,1.0018761727260426,0.9793621013513252,3,1,0.014555700006894767,0.0,-3.0,"[[1], [2], [3]]","[[1, 2, 3]]"
00004-00000003.soc,soc,3,533,rankings,intercambio,b=0.1,2,1.0018761727260426,0.298311444577118,3,1,0.01300700003048405,0.0,-3.0,"[[1], [2], [3]]","[[1, 2, 3]]"
00004-00000003.soc,soc,3,533,rankings,intercambio,b=0.2,2,1.0018761727260426,0.298311444577118,3,1,0.01222909998614341,0.0,-3.0,"[[1], [2], [3]]","[[1, 2, 3]]"
00004-00000003.soc,soc,3,533,rankings,intercambio,b=0.3,2,1.0018761727260426,0.298311444577118,3,1,0.012554899964015931,0.0,-3.0,"[[1], [2], [3]]","[[1, 2, 3]]"
00004-00000003.soc,soc,3,533,rankings,local,b=0.1,2,1.0018761727260426,0.632270168848764,3,1,0.007749999989755452,0.0,-3.0,"[[1], [2], [3]]","[[1, 2, 3]]"
00004-00000003.soc,soc,3,533,rankings,local,b=0.2,2,1.0018761727260426,0.632270168848764,3,1,0.007284799998160452,0.0,-3.0,"[[1], [2], [3]]","[[1, 2, 3]]"
00004-00000003.soc,soc,3,533,rankings,local,b=0.3,2,1.0018761727260426,0.632270168848764,3,1,0.007373699976596981,0.0,-3.0,"[[1], [2], [3]]","[[1, 2, 3]]"
00004-00000003.soc,soc,3,533,rankings,movimiento,b=0.1,2,1.0018761727260426,1.302063789877186,3,1,0.011977399990428239,0.0,-3.0,"[[1], [2], [3]]","[[1, 2, 3]]"
00004-00000003.soc,soc,3,533,rankings,movimiento,b=0.2,2,1.0018761727260426,1.302063789877186,3,1,0.01236990001052618,0.0,-3.0,"[[1], [2], [3]]","[[1, 2, 3]]"
00004-00000003.soc,soc,3,533,rankings,movimiento,b=0.3,2,1.0018761727260426,1.302063789877186,3,1,0.012399900006130338,0.0,-3.0,"[[1], [2], [3]]","[[1, 2, 3]]"
00004-00000004.soc,soc,3,1143,rankings,empate,b=0.1,0,0.8967629046791884,0.3552055992651528,1,1,0.029593300016131252,1.0,0.0,"[[1, 2, 3]]","[[1, 2, 3]]"
00004-00000004.soc,soc,3,1143,rankings,empate,b=0.2,0,0.8967629046791884,0.3552055992651528,1,1,0.028659600007813424,1.0,0.0,"[[1, 2, 3]]","[[1, 2, 3]]"
00004-00000004.soc,soc,3,1143,rankings,empate,b=0.3,0,0.8967629046791884,0.3552055992651528,1,1,0.027825700002722442,1.0,0.0,"[[1, 2, 3]]","[[1, 2, 3]]"
00004-00000004.soc,soc,3,1143,rankings,intercambio,b=0.1,0,0.8967629046791884,0.0796150480973925,1,1,0.023148200009018183,1.0,0.0,"[[1, 2, 3]]","[[1, 2, 3]]"
00004-00000004.soc,soc,3,1143,rankings,intercambio,b=0.2,0,0.8967629046791884,0.0796150480973925,1,1,0.02360930002760142,1.0,0.0,"[[1, 2, 3]]","[[1, 2, 3]]"
00004-00000004.soc,soc,3,1143,rankings,intercambio,b=0.3,0,0.8967629046791884,0.0796150480973925,1,1,0.02320330002112314,1.0,0.0,"[[1, 2, 3]]","[[1, 2, 3]]"
00004-00000004.soc,soc,3,1143,rankings,local,b=0.1,0,0.8967629046791884,0.21084864387724167,1,1,0.03011649998370558,1.0,0.0,"[[1, 2, 3]]","[[1, 2, 3]]"
00004-00000004.soc,soc,3,1143,rankings,local,b=0.2,0,0.8967629046791884,0.21084864387724167,1,1,0.01246180001180619,1.0,0.0,"[[1, 2, 3]]","[[1, 2, 3]]"
00004-00000004.soc,soc,3,1143,rankings,local,b=0.3,0,0.8967629046791884,0.21084864387724167,1,1,0.012079400010406971,1.0,0.0,"[[1, 2, 3]]","[[1, 2, 3]]"
00004-00000004.soc,soc,3,1143,rankings,movimiento,b=0.1,0,0.8967629046791884,0.6036745407193869,1,1,0.020488500013016164,1.0,0.0,"[[1, 2, 3]]","[[1, 2, 3]]"
00004-00000004.soc,soc,3,1143,rankings,movimiento,b=0.2,0,0.8967629046791884,0.6036745407193869,1,1,0.020403600006829947,1.0,0.0,"[[1, 2, 3]]","[[1, 2, 3]]"
00004-00000004.soc,soc,3,1143,rankings,movimiento,b=0.3,0,0.8967629046791884,0.6036745407193869,1,1,0.02031699998769909,1.0,0.0,"[[1, 2, 3]]","[[1, 2, 3]]"
00004-00000004.soc,soc,3,1143,rankings,empate,b=0.1,1,0.8967629046791884,0.4811898513537385,1,1,0.025972099974751472,1.0,0.0,"[[1, 2, 3]]","[[1, 2, 3]]"
00004-00000004.soc,soc,3,1143,rankings,empate,b=0.2,1,0.8967629046791884,0.4811898513537385,1,1,0.026145400013774633,1.0,0.0,"[[1, 2, 3]]","[[1, 2, 3]]"
00004-00000004.soc,soc,3,1143,rankings,empate,b=0.3,1,0.8967629046791884,0.4811898513537385,1,1,0.026567799970507622,1.0,0.0,"[[1, 2, 3]]","[[1, 2, 3]]"
00004-00000004.soc,soc,3,1143,rankings,intercambio,b=0.1,1,0.8967629046791884,0.08136482946863943,1,1,0.02144029998453334,1.0,0.0,"[[1, 2, 3]]","[[1, 2, 3]]"
00004-00000004.soc,soc,3,1143,rankings,intercambio,b=0.2,1,0.8967629046791884,0.08136482946863943,1,1,0.022619199997279793,1.0,0.0,"[[1, 2, 3]]","[[1, 2, 3]]"
00004-00000004.soc,soc,3,1143,rankings,intercambio,b=0.3,1,0.8967629046791884,0.08136482946863943,1,1,0.02151610003784299,1.0,0.0,"[[1, 2, 3]]","[[1, 2, 3]]"
00004-00000004.soc,soc,3,1143,rankings,local,b=0.1,1,0.8967629046791884,0.22834645670432063,1,1,0.012034499959554523,1.0,0.0,"[[1, 2, 3]]","[[1, 2, 3]]"
00004-00000004.soc,soc,3,1143,rankings,local,b=0.2,1,0.8967629046791884,0.22834645670432063,1,1,0.01251799997407943,1.0,0.0,"[[1, 2, 3]]","[[1, 2, 3]]"
00004-00000004.soc,soc,3,1143,rankings,local,b=0.3,1,0.8967629046791884,0.22834645670432063,1,1,0.01172399998176843,1.0,0.0,"[[1, 2, 3]]","[[1, 2, 3]]"
00004-00000004.soc,soc,3,1143,rankings,movimiento,b=0.1,1,0.8967629046791884,0.5573053368523491,1,1,0.02077230002032593,1.0,0.0,"[[1, 2, 3]]","[[1, 2, 3]]"
00004-00000004.soc,soc,3,1143,rankings,movimiento,b=0.2,1,0.8967629046791884,0.5573053368523491,1,1,0.0204772999859415,1.0,0.0,"[[1, 2, 3]]","[[1, 2, 3]]"
00004-00000004.soc,soc,3,1143,rankings,movimiento,b=0.3,1,0.8967629046791884,0.5573053368523491,1,1,0.020062100025825202,1.0,0.0,"[[1, 2, 3]]","[[1, 2, 3]]"
00004-00000004.soc,soc,3,1143,rankings,empate,b=0.1,2,0.8967629046791884,0.454943132095857,1,1,0.02598580002086237,1.0,0.0,"[[1, 2, 3]]","[[1, 2, 3]]"
00004-00000004.soc,soc,3,1143,rankings,empate,b=0.2,2,0.8967629046791884,0.454943132095857,1,1,0.02580350002972409,1.0,0.0,"[[1, 2, 3]]","[[1, 2, 3]]"
00004-00000004.soc,soc,3,1143,rankings,empate,b=0.3,2,0.8967629046791884,0.454943132095857,1,1,0.02741720003541559,1.0,0.0,"[[1, 2, 3]]","[[1, 2, 3]]"
00004-00000004.soc,soc,3,1143,rankings,intercambio,b=0.1,2,0.8967629046791884,0.07961504808374498,1,1,0.02276490000076592,1.0,0.0,"[[1, 2, 3]]","[[1, 2, 3]]"
00004-00000004.soc,soc,3,1143,rankings,intercambio,b=0.2,2,0.8967629046791884,0.07961504808374498,1,1,0.024092799983918667,1.0,0.0,"[[1, 2, 3]]","[[1, 2, 3]]"
00004-00000004.soc,soc,3,1143,rankings,intercambio,b=0.3,2,0.8967629046791884,0.07961504808374498,1,1,0.023183499986771494,1.0,0.0,"[[1, 2, 3]]","[[1, 2, 3]]"
00004-00000004.soc,soc,3,1143,rankings,local,b=0.1,2,0.8967629046791884,0.1513560805190678,1,1,0.01331069995649159,1.0,0.0,"[[1, 2, 3]]","[[1, 2, 3]]"
00004-00000004.soc,soc,3,1143,rankings,local,b=0.2,2,0.8967629046791884,0.1513560805190678,1,1,0.025943199987523258,1.0,0.0,"[[1, 2, 3]]","[[1, 2, 3]]"
00004-00000004.soc,soc,3,1143,rankings,local,b=0.3,2,0.8967629046791884,0.1513560805190678,1,1,0.012919800006784499,1.0,0.0,"[[1, 2, 3]]","[[1, 2, 3]]"
00004-00000004.soc,soc,3,1143,rankings,movimiento,b=0.1,2,0.8967629046791884,0.6027996500386522,1,1,0.019991800014395267,1.0,0.0,"[[1, 2, 3]]","[[1, 2, 3]]"
00004-00000004.soc,soc,3,1143,rankings,movimiento,b=0.2,2,0.8967629046791884,0.6027996500386522,1,1,0.019768800004385412,1.0,0.0,"[[1, 2, 3]]","[[1, 2, 3]]"
00004-00000004.soc,soc,3,1143,rankings,movimiento,b=0.3,2,0.8967629046791884,0.6027996500386522,1,1,0.02301389997592196,1.0,0.0,"[[1, 2, 3]]","[[1, 2, 3]]"
